Dataset,Model,Preprocessor,Fit Time (s),Predict Time (s),Peak Memory (MB),Balanced Accuracy,Precision Macro,Recall Macro,F1 Macro,Average Precision,Error
iranian,Gaussian Naive Bayes,Baseline,0.005526185035705566,0.015330815315246582,103.42745208740234,0.8114867965060899,0.6726389523644135,0.8114867965060899,0.6681587057611222,0.683011265783366,
iranian,Gaussian Naive Bayes,Yeo-Johnson,0.04805469512939453,0.016879677772521973,1.29693603515625,0.8415655513446689,0.7185403073641556,0.8415655513446689,0.7453108577052984,0.7280848512733107,
iranian,Gaussian Naive Bayes,Quantile Transform,0.07537176609039306,0.024869275093078614,1.294377326965332,0.8215500881584014,0.7332396010204605,0.8215500881584014,0.7606549427415131,0.7032992189868212,
iranian,Gaussian Naive Bayes,Min-Max Scaler,0.006782126426696777,0.015137219429016113,1.294285774230957,0.8140667369231703,0.6750574737775845,0.8140667369231703,0.6730167130759026,0.676339940976637,
iranian,Gaussian Naive Bayes,Standard Scaler,0.006472992897033692,0.01472783088684082,1.1525144577026367,0.8140667369231703,0.6750574737775845,0.8140667369231703,0.6730167130759026,0.6770138735733188,
iranian,Gaussian Naive Bayes,Robust Scaler,0.008693337440490723,0.014838910102844239,1.2929086685180664,0.8140667369231703,0.6750574737775845,0.8140667369231703,0.6730167130759026,0.6770138735733188,
iranian,Gaussian Naive Bayes,Uniform Binning,0.007000112533569336,0.0168515682220459,1.1758222579956055,0.8067565004154591,0.668587109620029,0.8067565004154591,0.6609959464471895,0.687238707415535,
iranian,Gaussian Naive Bayes,Quantile Binning,0.009754395484924317,0.01536102294921875,1.2924203872680664,0.834595889994528,0.7072671398439656,0.834595889994528,0.7302763153489357,0.7221537421550848,
iranian,Gaussian Naive Bayes,Random Undersampling,0.007476139068603516,0.011997818946838379,1.1519222259521484,0.78814034412176,0.6551797267332897,0.78814034412176,0.6313944440055071,0.6836848814731779,
iranian,Gaussian Naive Bayes,SMOTE,0.012287282943725586,0.012774991989135741,1.2932300567626953,0.7857948037208925,0.6540765812955593,0.7857948037208925,0.6317762099345047,0.6694896282918895,
iranian,Logistic Regression,Baseline,0.4810474395751953,0.01201317310333252,1.1526269912719727,0.7152053786757999,0.8323722277203377,0.7152053786757999,0.7534655011557758,0.7657168435314102,
iranian,Logistic Regression,Yeo-Johnson,0.05468723773956299,0.0170029878616333,1.293686866760254,0.7587368015726648,0.828694558624895,0.7587368015726648,0.7858613157378153,0.7599694114218354,
iranian,Logistic Regression,Quantile Transform,0.08169090747833252,0.024258875846862794,1.2941522598266602,0.7374435279573597,0.8379099348797343,0.7374435279573597,0.7729522623002862,0.7518835749581358,
iranian,Logistic Regression,Min-Max Scaler,0.011494135856628418,0.014721369743347168,1.2937383651733398,0.6996496159536308,0.8647822509380386,0.6996496159536308,0.7456751283438309,0.7461941770267778,
iranian,Logistic Regression,Standard Scaler,0.01515965461730957,0.01602609157562256,1.1764917373657227,0.7074931803903289,0.8512841376803036,0.7074931803903289,0.7506747667073528,0.7588263658454151,
iranian,Logistic Regression,Robust Scaler,0.016857004165649413,0.015145611763000489,1.2928075790405273,0.7097022677988772,0.8537719043291301,0.7097022677988772,0.753138902736431,0.7586310639704568,
iranian,Logistic Regression,Uniform Binning,0.013495731353759765,0.016628313064575195,1.1536235809326172,0.70910611434246,0.8627088935116888,0.70910611434246,0.7544226643326197,0.7296781922186205,
iranian,Logistic Regression,Quantile Binning,0.020375370979309082,0.0167849063873291,1.2941303253173828,0.6989167257767058,0.8567356263785907,0.6989167257767058,0.7436944572516146,0.7338621644818991,
iranian,Logistic Regression,Random Undersampling,0.3148041248321533,0.011800432205200195,1.1534433364868164,0.8527471981841396,0.7364131898499567,0.8527471981841396,0.7669006567412834,0.750347700830308,
iranian,Logistic Regression,SMOTE,0.6676176071166993,0.015032172203063965,1.293797492980957,0.842511541657378,0.7161553346258296,0.842511541657378,0.7423789828116871,0.7437613355164272,
iranian,KNN,Baseline,0.007373833656311035,0.01788375377655029,1.2936983108520508,0.6866383073586932,0.7295981270499392,0.6866383073586932,0.703497719263235,0.47808155208288117,
iranian,KNN,Yeo-Johnson,0.05533699989318848,0.028565406799316406,1.1517972946166992,0.8708925480817948,0.8949393469990765,0.8708925480817948,0.8816701072306788,0.8534407901441285,
iranian,KNN,Quantile Transform,0.07622380256652832,0.0360062837600708,1.3168907165527344,0.8668552783576191,0.8936967432520706,0.8668552783576191,0.8787945379559904,0.8447253035310112,
iranian,KNN,Min-Max Scaler,0.00970313549041748,0.02777683734893799,1.2933874130249023,0.9059809091461808,0.9185087763074906,0.9059809091461808,0.911349978091755,0.9014390314342655,
iranian,KNN,Standard Scaler,0.009808158874511719,0.024332427978515626,1.1508522033691406,0.8843804795006383,0.9095715258861745,0.8843804795006383,0.8954472856333341,0.8851175282363718,
iranian,KNN,Robust Scaler,0.011950802803039551,0.02379462718963623,1.2941436767578125,0.8834073120807411,0.9100084646981521,0.8834073120807411,0.8951451332299563,0.8850063239918109,
iranian,KNN,Uniform Binning,0.011022257804870605,0.03119471073150635,1.1532506942749023,0.7855863445676184,0.8627947027126609,0.7855863445676184,0.8123262622871786,0.7385566497981011,
iranian,KNN,Quantile Binning,0.013994550704956055,0.027780675888061525,1.294022560119629,0.8425581136128732,0.8735503406701252,0.8425581136128732,0.8555357926948304,0.7995479860232518,
iranian,KNN,Random Undersampling,0.00743710994720459,0.016841030120849608,1.1529808044433594,0.7615537563585513,0.6466484432963477,0.7615537563585513,0.6406968295447507,0.3841413701877379,
iranian,KNN,SMOTE,0.019578886032104493,0.018491387367248535,1.2938566207885742,0.7822219159759236,0.6849896251401517,0.7822219159759236,0.7059878535204122,0.4870684033439564,
iranian,SVM,Baseline,0.16997992992401123,0.07762939929962158,1.176436424255371,0.5,0.42142857142857143,0.5,0.4573639385126714,0.3517264491785159,
iranian,SVM,Yeo-Johnson,0.14593067169189453,0.05381565093994141,1.294957160949707,0.8417732201122753,0.9038996507875373,0.8417732201122753,0.8685949891399879,0.8888090637293866,
iranian,SVM,Quantile Transform,0.1916506767272949,0.07711708545684814,1.293975830078125,0.7535956670652373,0.8572527491378858,0.7535956670652373,0.7909147811606017,0.7811225273509382,
iranian,SVM,Min-Max Scaler,0.10261270999908448,0.05294842720031738,1.2946043014526367,0.7276874936667814,0.9166686341479127,0.7276874936667814,0.7820592122065729,0.8367120508527547,
iranian,SVM,Standard Scaler,0.11146609783172608,0.06197383403778076,1.2939786911010742,0.7850301359868673,0.9313346819394053,0.7850301359868673,0.8347086693903943,0.8786631479711511,
iranian,SVM,Robust Scaler,0.12117946147918701,0.06616773605346679,1.2945022583007812,0.7501178687959792,0.9170787675082884,0.7501178687959792,0.8018474420015405,0.8491301790260832,
iranian,SVM,Uniform Binning,0.11930322647094727,0.06136257648468017,1.294672966003418,0.7014221875443325,0.9080386164843228,0.7014221875443325,0.7547029430777782,0.7887817196441298,
iranian,SVM,Quantile Binning,0.1307384490966797,0.06092591285705566,1.295426368713379,0.6965496422998196,0.9086702582348606,0.6965496422998196,0.7496822688410998,0.8379428526809013,
iranian,SVM,Random Undersampling,0.031970429420471194,0.0429882287979126,1.3190231323242188,0.7524733599497396,0.6357406676356138,0.7524733599497396,0.6062612151249881,0.35049543569736796,
iranian,SVM,SMOTE,0.8580272197723389,0.20910425186157228,1.2946090698242188,0.7562638672152078,0.6379879912718154,0.7562638672152078,0.6133149114349551,0.3490228573786257,
iranian,Random Forest,Baseline,0.3324880838394165,0.027531075477600097,1.294388771057129,0.8973771760938736,0.9322638130684876,0.8973771760938736,0.9132265636139127,0.9228965263114123,
iranian,Random Forest,Yeo-Johnson,0.43672947883605956,0.05883886814117432,1.3015384674072266,0.9004172830999332,0.9333137256448174,0.9004172830999332,0.9153200019547281,0.9228148889110503,
iranian,Random Forest,Quantile Transform,0.44132561683654786,0.04483191967010498,1.2981805801391602,0.8992300224955923,0.9321463471142867,0.8992300224955923,0.9141505007063735,0.926936912128119,
iranian,Random Forest,Min-Max Scaler,0.4122838735580444,0.03567678928375244,1.2975730895996094,0.899417992420404,0.932787129851737,0.899417992420404,0.9146770483908486,0.9227717281519718,
iranian,Random Forest,Standard Scaler,0.37339560985565184,0.04197523593902588,1.298558235168457,0.8985855541819507,0.933499884953364,0.8985855541819507,0.9144829544955178,0.9278135075800957,
iranian,Random Forest,Robust Scaler,0.3547408103942871,0.03286707401275635,1.2978668212890625,0.9000406339298379,0.9314963706028434,0.9000406339298379,0.9142900100998576,0.9226937451025196,
iranian,Random Forest,Uniform Binning,0.23567867279052734,0.03516550064086914,1.3227567672729492,0.8047234258152118,0.8916170977887756,0.8047234258152118,0.8389410748968782,0.8390483218933635,
iranian,Random Forest,Quantile Binning,0.276132607460022,0.03935019969940186,1.2995414733886719,0.8645513446689501,0.8864864480048512,0.8645513446689501,0.8740119319386214,0.8859136596696056,
iranian,Random Forest,Random Undersampling,0.23614070415496827,0.0281203031539917,1.291783332824707,0.9365804470745598,0.830813421130071,0.9365804470745598,0.8688608374474445,0.855179421552927,
iranian,Random Forest,SMOTE,0.4978992700576782,0.02956695556640625,1.2934207916259766,0.9419258861439312,0.9083900404542279,0.9419258861439312,0.9235901983786432,0.9038676994116921,
iranian,MLP,Baseline,0.30019664764404297,0.011652398109436034,1.2939767837524414,0.6792155118253855,0.7485908524860122,0.6792155118253855,0.681033304626152,0.5692864929367388,
iranian,MLP,Yeo-Johnson,4.273008203506469,0.014154553413391113,1.2958145141601562,0.9215813387917233,0.9239132461840656,0.9215813387917233,0.9224469579726572,0.9478541752933431,
iranian,MLP,Quantile Transform,3.052545118331909,0.02162315845489502,1.2960596084594727,0.9052150659668037,0.9245451946730883,0.9052150659668037,0.9137489368727545,0.9280369873777637,
iranian,MLP,Min-Max Scaler,5.5450754404068,0.015023279190063476,1.2958145141601562,0.9137940133352249,0.923863683708624,0.9137940133352249,0.9181794724215242,0.9440030514725084,
iranian,MLP,Standard Scaler,3.8147183418273927,0.013485145568847657,1.320261001586914,0.9192286849198468,0.9225395970515656,0.9192286849198468,0.920712670158706,0.9502929699464226,
iranian,MLP,Robust Scaler,3.992847442626953,0.013842582702636719,1.2957687377929688,0.9198513264292808,0.9214959165859756,0.9198513264292808,0.9203167818216216,0.9501631988231717,
iranian,MLP,Uniform Binning,2.3800551652908326,0.014673447608947754,1.2953271865844727,0.799467016598099,0.9085144617782845,0.799467016598099,0.8399073910835069,0.8496636259670668,
iranian,MLP,Quantile Binning,2.7139012575149537,0.014234709739685058,1.2956552505493164,0.8600002634618893,0.8904505129790279,0.8600002634618893,0.8733116021408346,0.8864490250847095,
iranian,MLP,Random Undersampling,0.13056716918945313,0.01257181167602539,1.2905120849609375,0.7663351640556917,0.6720452309010909,0.7663351640556917,0.6352764514360926,0.5423353460198752,
iranian,MLP,SMOTE,0.5520125150680542,0.011360502243041993,1.2900590896606445,0.837251322376021,0.7509700538078057,0.837251322376021,0.7729287735284066,0.7305467732035054,
credit,Gaussian Naive Bayes,Baseline,0.18112411499023437,0.04843249320983887,6.654278755187988,0.5536331486101027,0.5598157032933385,0.5536331486101027,0.36400434817129623,0.331579966497527,
credit,Gaussian Naive Bayes,Yeo-Johnson,0.588345217704773,0.06492125988006592,6.651081085205078,0.57251703460317,0.7296890728253441,0.57251703460317,0.5749102047816221,0.49723046938643795,
credit,Gaussian Naive Bayes,Quantile Transform,0.31008741855621336,0.07970266342163086,6.677999496459961,0.572764946844796,0.7303481274824885,0.572764946844796,0.5755151577410536,0.4977559960312739,
credit,Gaussian Naive Bayes,Min-Max Scaler,0.23567214012145996,0.06584081649780274,6.651010513305664,0.5738206926797016,0.7297587970562931,0.5738206926797016,0.5766246298248852,0.4935427999934848,
credit,Gaussian Naive Bayes,Standard Scaler,0.24542531967163086,0.061985015869140625,6.6509504318237305,0.5757897264575327,0.7322578500980225,0.5757897264575327,0.5796943779686109,0.49351729747291245,
credit,Gaussian Naive Bayes,Robust Scaler,0.24723339080810547,0.06023707389831543,6.6511430740356445,0.5803890669647043,0.7380992393252154,0.5803890669647043,0.5869670404356839,0.4933955073628796,
credit,Gaussian Naive Bayes,Uniform Binning,0.23498075008392333,0.06084151268005371,6.6512298583984375,0.5780941189017905,0.7327410340971765,0.5780941189017905,0.5830710420918789,0.49151899223884365,
credit,Gaussian Naive Bayes,Quantile Binning,0.24465589523315429,0.06916124820709228,6.651483535766602,0.5717092382407538,0.7297335285664956,0.5717092382407538,0.5737561901570489,0.4984439885692435,
credit,Gaussian Naive Bayes,Random Undersampling,0.12521870136260987,0.04453387260437012,6.646670341491699,0.5424800687748297,0.5653296160358633,0.5424800687748297,0.3164557088897319,0.33351490991629584,
credit,Gaussian Naive Bayes,SMOTE,2.9603142976760863,0.04478771686553955,6.654335021972656,0.5413052802368156,0.5605774201106739,0.5413052802368156,0.3207636753852095,0.35155501650186805,
credit,Logistic Regression,Baseline,27.052291655540465,0.018707418441772462,6.671612739562988,0.6241452982993059,0.7380816445016849,0.6241452982993059,0.6448517981256363,0.5117239933637362,
credit,Logistic Regression,Yeo-Johnson,1.9421308517456055,0.027044224739074706,6.652702331542969,0.6550990858979158,0.7590729858161911,0.6550990858979158,0.6804334228042658,0.5492764247360629,
credit,Logistic Regression,Quantile Transform,2.791257071495056,0.04700760841369629,6.652742385864258,0.6565324234611264,0.759660021891945,0.6565324234611264,0.681960346333585,0.5484633345250763,
credit,Logistic Regression,Min-Max Scaler,1.1816385507583618,0.02913799285888672,6.652379989624023,0.6536458170484193,0.7583440201546687,0.6536458170484193,0.6788734126131418,0.5408785492495548,
credit,Logistic Regression,Standard Scaler,1.5772425889968873,0.0251798152923584,6.65239143371582,0.6535692878951733,0.7588764025945813,0.6535692878951733,0.6788707348169515,0.5426597728571855,
credit,Logistic Regression,Robust Scaler,2.976189684867859,0.023392415046691893,6.652486801147461,0.653515390799943,0.7589049347068342,0.653515390799943,0.678820462271764,0.5427292746835676,
credit,Logistic Regression,Uniform Binning,1.2689017534255982,0.026251792907714844,6.652889251708984,0.6532354301241161,0.7592837657409933,0.6532354301241161,0.6785733723770918,0.5380723776574581,
credit,Logistic Regression,Quantile Binning,3.2153919458389284,0.02846055030822754,6.6523332595825195,0.6504243453230403,0.7574929385207162,0.6504243453230403,0.6753981232810149,0.5470589477479383,
credit,Logistic Regression,Random Undersampling,10.39822814464569,0.018720126152038573,6.672858238220215,0.6966477485558819,0.6678164859859201,0.6966477485558819,0.677748897599874,0.5164393470061691,
credit,Logistic Regression,SMOTE,45.52574582099915,0.016876220703125,6.647495269775391,0.6539454468631108,0.6383808261100454,0.6539454468631108,0.6434510986892251,0.44907963596870165,
credit,KNN,Baseline,0.0639496088027954,11.480788326263427,6.646279335021973,0.552298217525412,0.595276687162946,0.552298217525412,0.5536994948253118,0.2971592987960604,
credit,KNN,Yeo-Johnson,0.4852567195892334,1.6076146125793458,6.651467323303223,0.6274175311352929,0.6889064422622908,0.6274175311352929,0.6436528640485959,0.4085261937990484,
credit,KNN,Quantile Transform,0.194742751121521,1.530919885635376,6.651956558227539,0.6284553930688419,0.6883839393393684,0.6284553930688419,0.6446029651905995,0.4063159520256786,
credit,KNN,Min-Max Scaler,0.13863420486450195,1.5091198444366456,6.651590347290039,0.6400733465583687,0.7019603899104553,0.6400733465583687,0.6576206340039554,0.4274276121840307,
credit,KNN,Standard Scaler,0.13368425369262696,1.5045671463012695,6.6579742431640625,0.632072212972648,0.6961592302937438,0.632072212972648,0.6491917642614182,0.41772571837366773,
credit,KNN,Robust Scaler,0.13158907890319824,1.5111611127853393,6.652122497558594,0.625578146438811,0.6908565330153121,0.625578146438811,0.6421285789957618,0.41011887522104856,
credit,KNN,Uniform Binning,0.12149271965026856,1.4834446907043457,6.676995277404785,0.6347424359391309,0.6971953842630849,0.6347424359391309,0.6518014600843587,0.41395014897962923,
credit,KNN,Quantile Binning,0.1310037851333618,1.4877972602844238,6.652071952819824,0.6183983929938142,0.6809455649930309,0.6183983929938142,0.6337009960336781,0.40173749312324514,
credit,KNN,Random Undersampling,0.08918478488922119,4.051972436904907,6.6470232009887695,0.5941053483212595,0.565255263942974,0.5941053483212595,0.5399704603251649,0.2914121314893608,
credit,KNN,SMOTE,2.485602378845215,19.83745942115784,6.647036552429199,0.5768760026730668,0.554816563868502,0.5768760026730668,0.541061234984406,0.28633155871870186,
credit,SVM,Baseline,30.061587142944337,3.3479850053787232,6.647051811218262,0.5453113211439857,0.5393839446194182,0.5453113211439857,0.3997852232272874,0.26772859173658314,
credit,SVM,Yeo-Johnson,30.610001659393312,3.450295162200928,6.652448654174805,0.5455265469742375,0.5330178053902801,0.5455265469742375,0.49847695585249896,0.2899096861055389,
credit,SVM,Quantile Transform,30.660526990890503,3.4539422273635862,6.653225898742676,0.47479996924231066,0.4815726268050179,0.47479996924231066,0.40721827595208315,0.28214041020109043,
credit,SVM,Min-Max Scaler,30.027008366584777,3.4195005893707275,6.652578353881836,0.4865103933219939,0.4898006186158625,0.4865103933219939,0.4678757593911117,0.2246208063474119,
credit,SVM,Standard Scaler,29.9951331615448,3.428884506225586,6.677870750427246,0.5803488578173066,0.5635554463676156,0.5803488578173066,0.5131916836772058,0.3445275818928471,
credit,SVM,Robust Scaler,29.95311233997345,3.4446835279464723,6.652593612670898,0.5405536136171134,0.5508055000726851,0.5405536136171134,0.3390046494495034,0.29982534504114466,
credit,SVM,Uniform Binning,29.93140482902527,3.4322752714157105,6.653219223022461,0.5162597226303335,0.5140105581067633,0.5162597226303335,0.493071499285562,0.2497589398413072,
credit,SVM,Quantile Binning,30.014100551605225,3.421450209617615,6.653179168701172,0.5757392935247663,0.554514594792803,0.5757392935247663,0.5226946133771632,0.3206455859566933,
credit,SVM,Random Undersampling,9.063664746284484,3.393817186355591,6.679559707641602,0.5382499870471446,0.5499641353522032,0.5382499870471446,0.3360188341520658,0.311505933577895,
credit,SVM,SMOTE,48.167134284973145,3.2809531450271607,6.648125648498535,0.5528200488321302,0.5457564754700348,0.5528200488321302,0.4117160952212,0.3090411150704952,
credit,Random Forest,Baseline,7.724807572364807,0.15246200561523438,6.650118827819824,0.657902696238014,0.7457276017701544,0.657902696238014,0.6813932255756274,0.5362306980882308,
credit,Random Forest,Yeo-Johnson,8.080597519874573,0.17344532012939454,6.656170845031738,0.6583423954778117,0.7466941026953883,0.6583423954778117,0.6819793652135908,0.5361088271707859,
credit,Random Forest,Quantile Transform,7.803667807579041,0.1844707489013672,6.681862831115723,0.6585363831478149,0.7469492040891137,0.6585363831478149,0.6822205771969438,0.5364002604734418,
credit,Random Forest,Min-Max Scaler,7.768769717216491,0.158304762840271,6.656031608581543,0.6579567343861144,0.7456586179344848,0.6579567343861144,0.6814381975214294,0.5364436223629611,
credit,Random Forest,Standard Scaler,7.746106386184692,0.1590313196182251,6.6558637619018555,0.6582037874808133,0.7459818890404294,0.6582037874808133,0.6817218316184582,0.5365232582709705,
credit,Random Forest,Robust Scaler,7.751055383682251,0.17438161373138428,6.65610408782959,0.658226578909294,0.7455186949157324,0.658226578909294,0.6816758759175586,0.5362576476634177,
credit,Random Forest,Uniform Binning,4.610049676895142,0.1698453664779663,6.656546592712402,0.6423177661674966,0.7015758009539483,0.6423177661674966,0.6596128016785661,0.4790430340433126,
credit,Random Forest,Quantile Binning,4.784264016151428,0.19482247829437255,6.656416893005371,0.6532825446272981,0.72634381524063,0.6532825446272981,0.6740349923304576,0.5157247343055997,
credit,Random Forest,Random Undersampling,3.048129916191101,0.13759200572967528,6.651433944702148,0.7058278534933646,0.6640406645601786,0.7058278534933646,0.6745730888765508,0.5278660487112672,
credit,Random Forest,SMOTE,13.336419558525085,0.16962358951568604,6.651440620422363,0.6676090640639403,0.7159060323873936,0.6676090640639403,0.6842763157517542,0.5111511937065252,
credit,MLP,Baseline,5.384728622436524,0.030246973037719727,6.6739959716796875,0.5691273693906711,0.6106129331332821,0.5691273693906711,0.538918426179053,0.3282181467807198,
credit,MLP,Yeo-Johnson,54.80447378158569,0.03897922039031983,6.653863906860352,0.6460148528242754,0.6955639038372302,0.6460148528242754,0.6613874067205275,0.4811302152010848,
credit,MLP,Quantile Transform,52.15060217380524,0.05318007469177246,6.65425968170166,0.6512888524698088,0.703951998420641,0.6512888524698088,0.667791173943514,0.4828629225883011,
credit,MLP,Min-Max Scaler,53.98337926864624,0.034256935119628906,6.653724670410156,0.6492679481615523,0.731315681192733,0.6492679481615523,0.6706295153036048,0.5101567565811781,
credit,MLP,Standard Scaler,53.374955487251285,0.028841447830200196,6.653834342956543,0.6506265155169905,0.7094736754930759,0.6506265155169905,0.6682586010725532,0.488704179667203,
credit,MLP,Robust Scaler,38.32134408950806,0.030053043365478517,6.654146194458008,0.6468732877787238,0.7197169062586062,0.6468732877787238,0.6664185777934314,0.5030783464618068,
credit,MLP,Uniform Binning,55.09167828559875,0.02873096466064453,6.654488563537598,0.6467230803093325,0.7159505535812422,0.6467230803093325,0.6657833481928164,0.487493377677909,
credit,MLP,Quantile Binning,41.218321561813354,0.030065250396728516,6.65450382232666,0.6491748092617917,0.7077674953238684,0.6491748092617917,0.666610968091904,0.48328913995651945,
credit,MLP,Random Undersampling,2.1274664402008057,0.025337958335876466,6.674914360046387,0.563733846795096,0.5709273581028258,0.563733846795096,0.5125415434624231,0.2918807387108082,
credit,MLP,SMOTE,16.91565909385681,0.0260603666305542,6.649343490600586,0.571106714077537,0.5728905777577913,0.571106714077537,0.531361085123924,0.29484665421770606,
shoppers,Gaussian Naive Bayes,Baseline,0.03129458427429199,0.025140595436096192,9.36563491821289,0.7229999573171425,0.637854641201082,0.7229999573171425,0.6489505860560936,0.42837014288531317,
shoppers,Gaussian Naive Bayes,Yeo-Johnson,0.13925559520721437,0.02859835624694824,9.36741828918457,0.5300284134561062,0.5630463908564146,0.5300284134561062,0.20715690548883975,0.3131508025643037,
shoppers,Gaussian Naive Bayes,Quantile Transform,0.07048699855804444,0.034179091453552246,9.367469787597656,0.5502553789260751,0.571421201085738,0.5502553789260751,0.24648549019477645,0.36719791778237154,
shoppers,Gaussian Naive Bayes,Min-Max Scaler,0.050615549087524414,0.033715677261352536,9.366523742675781,0.5649862019451837,0.5776776543166366,0.5649862019451837,0.2742629128575286,0.26958620579180453,
shoppers,Gaussian Naive Bayes,Standard Scaler,0.038918161392211915,0.020623993873596192,9.36662483215332,0.5689243855980497,0.5782121212361389,0.5689243855980497,0.2818974318599433,0.2952396990834781,
shoppers,Gaussian Naive Bayes,Robust Scaler,0.04159088134765625,0.022121572494506837,9.366759300231934,0.6358713059147673,0.5834001243595346,0.6358713059147673,0.42548759309370415,0.41160463759965743,
shoppers,Gaussian Naive Bayes,Uniform Binning,0.04981231689453125,0.03503165245056152,9.393233299255371,0.5739483506399582,0.577794785431869,0.5739483506399582,0.29382460191500415,0.24996753946935532,
shoppers,Gaussian Naive Bayes,Quantile Binning,0.04401066303253174,0.02102792263031006,9.367133140563965,0.5223309456573624,0.5579499987495246,0.5223309456573624,0.1926130072523797,0.3262834786275206,
shoppers,Gaussian Naive Bayes,Random Undersampling,0.02423100471496582,0.014917421340942382,9.363018989562988,0.7271673938503725,0.6263538335110002,0.7271673938503725,0.6182038571553112,0.44242997002753304,
shoppers,Gaussian Naive Bayes,SMOTE,0.18166511058807372,0.030385828018188475,9.362485885620117,0.6092580128216187,0.5667025509650461,0.6092580128216187,0.562697844056287,0.3377159134117664,
shoppers,Logistic Regression,Baseline,7.746862769126892,0.015271210670471191,9.363341331481934,0.6782990948258049,0.8172533294669471,0.6782990948258049,0.7180420204212506,0.6415690131789421,
shoppers,Logistic Regression,Yeo-Johnson,0.2697904109954834,0.020950508117675782,9.36823844909668,0.7762439431433628,0.8117058093847145,0.7762439431433628,0.7918882055134198,0.6909534688531284,
shoppers,Logistic Regression,Quantile Transform,0.597978138923645,0.0316943883895874,9.368470191955566,0.7730118927161125,0.8136166888212172,0.7730118927161125,0.7907936289859527,0.6973567563437963,
shoppers,Logistic Regression,Min-Max Scaler,0.1088191032409668,0.031243085861206055,9.368439674377441,0.6402619031036133,0.8336619971137396,0.6402619031036133,0.6799807326152837,0.6185685614156805,
shoppers,Logistic Regression,Standard Scaler,0.14507076740264893,0.019461727142333983,9.394164085388184,0.6781373708700621,0.8216171279496317,0.6781373708700621,0.7186111258086232,0.6452008298544767,
shoppers,Logistic Regression,Robust Scaler,6.455285286903381,0.019074892997741698,9.368556022644043,0.678159273756577,0.8197546796637484,0.678159273756577,0.7183304187841507,0.6451993147878168,
shoppers,Logistic Regression,Uniform Binning,0.08341445922851562,0.018359446525573732,9.36839771270752,0.5416423774689477,0.8285919478291472,0.5416423774689477,0.5386774414420598,0.39093551546456173,
shoppers,Logistic Regression,Quantile Binning,0.29455392360687255,0.020045161247253418,9.368874549865723,0.7576561751931369,0.7967169576364372,0.7576561751931369,0.7746417044578628,0.6618973025829653,
shoppers,Logistic Regression,Random Undersampling,0.863309097290039,0.014348220825195313,9.364643096923828,0.8137665654419847,0.7391107803206112,0.8137665654419847,0.7658896683883556,0.6505963802437661,
shoppers,Logistic Regression,SMOTE,15.05008249282837,0.015325236320495605,9.36433219909668,0.7222152915890105,0.7355245507718808,0.7222152915890105,0.7283196289079552,0.5660977927746683,
shoppers,KNN,Baseline,0.015651488304138185,0.2524723052978516,9.362695693969727,0.6412114883983822,0.7498135165822684,0.6412114883983822,0.6710038088315636,0.43112079668075404,
shoppers,KNN,Yeo-Johnson,0.12065637111663818,0.24459638595581054,9.367785453796387,0.7607079483233744,0.7892174160266714,0.7607079483233744,0.7734728957762524,0.6009876844295724,
shoppers,KNN,Quantile Transform,0.05986442565917969,0.25894780158996583,9.394156455993652,0.7619332801718921,0.7875577629715848,0.7619332801718921,0.7735396795095669,0.5973943527695884,
shoppers,KNN,Min-Max Scaler,0.023653650283813478,0.24139280319213868,9.368009567260742,0.5547470341074481,0.6499635102916038,0.5547470341074481,0.5629326154449037,0.2681996885088778,
shoppers,KNN,Standard Scaler,0.02435164451599121,0.24504532814025878,9.368094444274902,0.6810082703141681,0.7780405224961748,0.6810082703141681,0.7126844956210691,0.5002699283810875,
shoppers,KNN,Robust Scaler,0.028452348709106446,0.24072837829589844,9.367768287658691,0.7335241416462821,0.7789314452009186,0.7335241416462821,0.7526170306423374,0.5534277741565418,
shoppers,KNN,Uniform Binning,0.026628756523132326,0.24166445732116698,9.368266105651855,0.5355300016287396,0.596635468630969,0.5355300016287396,0.5355627715513656,0.23316489058419773,
shoppers,KNN,Quantile Binning,0.030786538124084474,0.244573974609375,9.367910385131836,0.6509075018638588,0.7635818884269641,0.6509075018638588,0.6828046782341143,0.4601769188353334,
shoppers,KNN,Random Undersampling,0.024234557151794435,0.08058383464813232,9.363234519958496,0.7274155054711459,0.6330851795590199,0.7274155054711459,0.6376243151789945,0.38368604004224904,
shoppers,KNN,SMOTE,0.10270864963531494,0.4120466232299805,9.363347053527832,0.7154330865802777,0.6419611874603763,0.7154330865802777,0.656866891783484,0.38340225665643335,
shoppers,SVM,Baseline,6.094769740104676,1.1097493648529053,9.389459609985352,0.511289515715702,0.8769685178680058,0.511289515715702,0.481231810461446,0.6155235644453485,
shoppers,SVM,Yeo-Johnson,4.993604779243469,0.9193357706069947,9.368435859680176,0.7832257744356379,0.8263270681421849,0.7832257744356379,0.8020346384444622,0.7215200851162763,
shoppers,SVM,Quantile Transform,5.03277359008789,0.8964303255081176,9.36880111694336,0.7453150884689431,0.8154922915804825,0.7453150884689431,0.7731020908390024,0.7109864734699065,
shoppers,SVM,Min-Max Scaler,6.158360171318054,1.184117078781128,9.36854362487793,0.5817632484797473,0.8455681993134698,0.5817632484797473,0.6037324299390598,0.6250496178500846,
shoppers,SVM,Standard Scaler,5.200141453742981,0.9557022333145142,9.368741989135742,0.7332356402172826,0.8246437832429301,0.7332356402172826,0.7668985683822579,0.6859822022089984,
shoppers,SVM,Robust Scaler,5.239948058128357,0.8877652406692504,9.368853569030762,0.7167199331708894,0.8160795334538502,0.7167199331708894,0.7514774067989796,0.6442572803734001,
shoppers,SVM,Uniform Binning,6.105832767486572,1.1738553285598754,9.36939525604248,0.5394015646310123,0.8501550496330974,0.5394015646310123,0.5344307796807058,0.32608561332828706,
shoppers,SVM,Quantile Binning,5.1010722637176515,0.9252672672271729,9.36890983581543,0.7862654267240856,0.8209523091608245,0.7862654267240856,0.8016834427712259,0.6985527587931774,
shoppers,SVM,Random Undersampling,0.6364753007888794,0.8849587678909302,9.390854835510254,0.6610485367913446,0.5845275870079407,0.6610485367913446,0.537067392226539,0.3548591197756384,
shoppers,SVM,SMOTE,15.208243155479432,1.3989838123321534,9.364250183105469,0.49527358090747364,0.4597854529490447,0.49527358090747364,0.25429106421364933,0.4278778011664645,
shoppers,Random Forest,Baseline,1.7915116548538208,0.07097439765930176,9.366774559020996,0.7496280089244824,0.8395460491814101,0.7496280089244824,0.783592593059434,0.7332554560263581,
shoppers,Random Forest,Yeo-Johnson,1.9529265880584716,0.08937582969665528,9.371978759765625,0.7504353441378754,0.8385701698886591,0.7504353441378754,0.7838619881990092,0.7344926122314174,
shoppers,Random Forest,Quantile Transform,1.7970429182052612,0.06949441432952881,9.3721923828125,0.7492197033304637,0.8383953502682109,0.7492197033304637,0.78288528571468,0.7343600510850123,
shoppers,Random Forest,Min-Max Scaler,1.5072641372680664,0.059234118461608885,9.371917724609375,0.7493169123912028,0.8391051431920344,0.7493169123912028,0.783239899665954,0.7332680478593316,
shoppers,Random Forest,Standard Scaler,1.5234222173690797,0.05995807647705078,9.372014999389648,0.7498884112391696,0.8396765769708594,0.7498884112391696,0.783819254385859,0.7332300450473315,
shoppers,Random Forest,Robust Scaler,1.5126761674880982,0.05748293399810791,9.371963500976562,0.7496280089244824,0.8395460491814101,0.7496280089244824,0.783592593059434,0.7331356219708114,
shoppers,Random Forest,Uniform Binning,1.3832930326461792,0.0722350835800171,9.39857292175293,0.5648860191867829,0.6285628939935665,0.5648860191867829,0.575879843889983,0.3161892332505819,
shoppers,Random Forest,Quantile Binning,1.1511204957962036,0.06313621997833252,9.372387886047363,0.7398716560028394,0.8108927403213053,0.7398716560028394,0.7677477783243335,0.6737586301582,
shoppers,Random Forest,Random Undersampling,0.5630488634109497,0.05009162425994873,9.367756843566895,0.852750175222661,0.7378691694647667,0.852750175222661,0.7699050727253249,0.6925285147329661,
shoppers,Random Forest,SMOTE,3.1667470932006836,0.05858635902404785,9.368010520935059,0.7964479865354726,0.7972066172904412,0.7964479865354726,0.7964722330627204,0.6883377247147532,
shoppers,MLP,Baseline,1.6008081436157227,0.014110660552978516,9.364980697631836,0.7120588677015831,0.7879973515088542,0.7120588677015831,0.7096942716411909,0.5467435274572217,
shoppers,MLP,Yeo-Johnson,38.243754386901855,0.024260497093200682,9.369869232177734,0.749168453620122,0.760301845920069,0.749168453620122,0.7538831613565111,0.6340920511348294,
shoppers,MLP,Quantile Transform,26.878690433502197,0.03342151641845703,9.370112419128418,0.7542464653315332,0.777050027150313,0.7542464653315332,0.7646050646201784,0.6585021152514845,
shoppers,MLP,Min-Max Scaler,33.517577695846555,0.021479058265686034,9.370251655578613,0.7455894435638687,0.7685982765173398,0.7455894435638687,0.7557531801716006,0.6133602735311505,
shoppers,MLP,Standard Scaler,39.21350481510162,0.02130889892578125,9.396207809448242,0.7393922647112499,0.7622197541373446,0.7393922647112499,0.7490809228585402,0.6017727962142103,
shoppers,MLP,Robust Scaler,5.901637983322144,0.020524978637695312,9.370135307312012,0.7691136154356644,0.8085258394045383,0.7691136154356644,0.785828788124653,0.6861406135842276,
shoppers,MLP,Uniform Binning,32.04478769302368,0.020473814010620116,9.37028980255127,0.5693271887337528,0.605644751059898,0.5693271887337528,0.5785490508320492,0.30791348360811194,
shoppers,MLP,Quantile Binning,33.11829032897949,0.02007105350494385,9.370424270629883,0.7406168611424129,0.7529551355990514,0.7406168611424129,0.7462854039672996,0.6044681012771864,
shoppers,MLP,Random Undersampling,0.44582552909851075,0.014751005172729491,9.366138458251953,0.7844667292541276,0.7007533252479198,0.7844667292541276,0.6984737578485122,0.5408468402195165,
shoppers,MLP,SMOTE,2.6827832460403442,0.016745877265930176,9.365535736083984,0.7379094193982445,0.7304894962285478,0.7379094193982445,0.7232931473258123,0.5218021730996987,
